minute,heading,ais_version,month,shipname,to_starboard,to_stern,maneuver,hour,imo,to_port,speed,year,destination,repeat,turn,callsign,course,lat,mmsi,accuracy,dte,day,radio,status,lon,ship_type,second,to_bow,draught,msg_type,epfd,raim,spare_1
59,,,1,,,,,14,,,,2024,,0,,,,41.340802,2240002,False,,24,65546,,2.164615,,59,,,4,15,True,b'\x00\x00'
,511,,,,,,0,,,,10.1,,,0,TurnRate.NO_TI_DEFAULT,,140.7,41.35415,224551570,True,,,24064,0,2.18772,,0,,,1,,True,b'\x00'
,19,,,,,,0,,,,12.0,,,0,TurnRate.NO_TI_RIGHT,,18.6,41.308357,224304660,False,,,0,7,2.173152,,0,,,3,,False,b'\x00'
59,,,1,,,,,14,,,,2024,,0,,,,41.335082,2240991,False,,24,2250,,2.141278,,59,,,4,7,False,b'\x00\x00'
,511,,,,,,0,,,,0.0,,,0,TurnRate.NO_TI_DEFAULT,,14.4,41.346098,224569880,False,,,24064,0,2.152628,,0,,,1,,False,b'\x00'
,311,,,,,,0,,,,7.7,,,0,0.0,,313.3,41.352612,538070967,False,,,32801,0,2.188883,,59,,,1,,False,b'\x00'
59,,,1,,,,,14,,,,2024,,0,,,,41.417413,2241128,False,,24,82093,,2.114192,,59,,,4,15,True,b'\x80\x00'
,281,,,,,,0,,,,0.0,,,0,0.0,,321.9,41.346297,224569790,True,,,65574,0,2.152537,,1,,,1,,False,b'\x00'
,511,,,,,,0,,,,0.0,,,0,TurnRate.NO_TI_DEFAULT,,360.0,41.37098,224008000,True,,,49227,0,2.185437,,0,,,1,,True,b'\x00'
0,,1,9,WANDERLUST,5,26,,17,9465100,5,,,BCN,0,,ZCTS,,,319676000,,False,10,,,,37,,24,2.3,5,15,,b'\x00'
,511,,,,,,0,,,,0.0,,,0,TurnRate.NO_TI_DEFAULT,,360.0,41.32772,225987164,True,,,2235,0,2.158142,,1,,,1,,True,b'\x00'
,511,,,,,,0,,,,0.0,,,0,TurnRate.NO_TI_DEFAULT,,6.7,41.372938,224368920,True,,,2252,7,2.184873,,1,,,1,,True,b'\x00'
,233,,,,,,0,,,,8.1,,,0,0.0,,235.0,41.334552,304010998,True,,,17859,0,2.644802,,1,,,3,,False,b'\x00'
,511,,,,,,0,,,,18.7,,,0,TurnRate.NO_TI_DEFAULT,,198.4,41.34433,224304570,True,,,98376,0,2.168112,,1,,,1,,True,b'\x00'
,3,,,,,,0,,,,0.0,,,0,0.0,,330.7,41.368453,224839000,True,,,65609,9,2.186835,,59,,,1,,False,b'\x00'
,25,,,,,,0,,,,0.0,,,0,0.0,,232.3,41.335735,224115180,False,,,82008,0,2.144967,,0,,,1,,False,b'\x00'
,208,,,,,,0,,,,0.0,,,0,0.0,,37.6,41.334222,224327160,False,,,98387,0,2.150515,,3,,,1,,False,b'\x00'
0,,1,1,BELLA VITA,5,30,,15,1010337,6,,,BARCELONA,0,,ZGAS8,,,319032800,,False,24,,,,37,,30,3.5,5,1,,b'\x00'
,228,,,,,,0,,,,16.2,,,0,0.0,,229.0,41.507487,310132000,False,,,24064,0,3.42433,,2,,,1,,False,b'\x00'
,294,,,,,,0,,,,2.3,,,0,0.0,,111.3,41.218643,224220140,False,,,7792,7,2.202683,,2,,,3,,False,b'\x00'
,36,,,,,,0,,,,0.0,,,0,0.0,,36.0,41.304732,304504000,False,,,84906,5,2.14486,,0,,,3,,False,b'\x00'
,511,,,,,,0,,,,0.0,,,0,TurnRate.NO_TI_DEFAULT,,270.7,41.378705,224001990,False,,,114802,0,2.182592,,3,,,1,,True,b'\x00'
,511,,,,,,0,,,,0.5,,,0,TurnRate.NO_TI_DEFAULT,,299.9,41.24318,224097340,True,,,81981,7,2.211347,,2,,,1,,True,b'\x00'
,206,,,,,,1,,,,0.0,,,0,0.0,,341.0,41.375,224799000,False,,,0,5,2.183667,,3,,,3,,False,b'\x00'
,17,,,,,,0,,,,12.0,,,0,TurnRate.NO_TI_LEFT,,18.4,41.308513,224304660,False,,,0,7,2.173225,,3,,,3,,False,b'\x00'
,148,,,,,,0,,,,0.2,,,0,0.0,,190.1,41.218475,357411000,False,,,82154,0,2.507965,,2,,,1,,False,b'\x00'
0,,1,2,ANTINA G,3,15,,19,0,3,,,,0,,,,,224331860,,False,15,,,,60,,9,0.0,5,15,,b'\x00'
,240,,,,,,0,,,,0.1,,,0,0.0,,357.3,41.345247,225989401,True,,,98460,15,2.15849,,3,,,1,,False,b'\x00'
,511,,,,,,0,,,,0.3,,,0,TurnRate.NO_TI_DEFAULT,,360.0,41.312737,225988173,True,,,2240,0,2.154463,,4,,,1,,True,b'\x00'
,188,,,,,,0,,,,0.0,,,0,0.0,,350.3,41.369865,249630000,False,,,0,5,2.186168,,6,,,1,,False,b'\x00'
,53,,,,,,0,,,,0.0,,,0,0.0,,316.4,41.345297,636022352,False,,,84906,5,2.158307,,6,,,3,,False,b'\x00'
,511,,,,,,0,,,,0.0,,,0,TurnRate.NO_TI_DEFAULT,,301.5,41.412957,538071663,True,,,65743,8,2.229507,,3,,,1,,True,b'\x00'
,4,,,,,,0,,,,0.0,,,0,0.0,,213.5,41.339808,224220360,False,,,49242,0,2.150063,,4,,,1,,False,b'\x00'
,315,,,,,,0,,,,0.6,,,0,0.0,,21.2,41.116223,477642600,False,,,114887,0,2.31816,,4,,,1,,False,b'\x00'
,299,,,,,,0,,,,0.3,,,0,0.0,,29.0,41.081657,255805676,False,,,98521,0,2.07409,,5,,,1,,False,b'\x00'
,8,,,,,,0,,,,0.0,,,0,0.0,,279.0,41.346133,224350720,False,,,0,5,2.151967,,6,,,3,,False,b'\x00'
,511,,,,,,0,,,,11.9,,,0,TurnRate.NO_TI_DEFAULT,,37.2,41.293507,224137460,True,,,24064,7,2.159962,,5,,,1,,True,b'\x00'
,17,,,,,,0,,,,12.0,,,0,TurnRate.NO_TI_LEFT,,18.5,41.308727,224304660,False,,,65793,7,2.173317,,6,,,1,,False,b'\x00'
,511,,,,,,0,,,,18.6,,,0,TurnRate.NO_TI_DEFAULT,,197.6,41.34384,224304570,True,,,98581,0,2.167903,,7,,,1,,True,b'\x00'
,511,,,,,,0,,,,0.0,,,0,TurnRate.NO_TI_DEFAULT,,360.0,41.32768,225987163,True,,,65820,0,2.15847,,7,,,1,,True,b'\x00'
,35,,,,,,0,,,,6.5,,,0,0.0,,36.6,41.310973,255805600,False,,,49284,0,2.154488,,7,,,1,,False,b'\x00'
,511,,,,,,0,,,,0.3,,,0,TurnRate.NO_TI_DEFAULT,,17.4,41.298298,225993124,True,,,33059,0,2.198763,,7,,,1,,True,b'\x00'
,5,,,,,,0,,,,0.0,,,0,0.0,,60.9,41.345848,224026000,True,,,65838,15,2.151987,,5,,,1,,False,b'\x00'
,511,,,,,,0,,,,8.6,,,0,TurnRate.NO_TI_DEFAULT,,201.8,41.37056,224331860,True,,,33096,0,2.2002,,8,,,1,,True,b'\x00'
,294,,,,,,0,,,,2.2,,,0,0.0,,110.4,41.21862,224220140,False,,,98634,7,2.202757,,8,,,1,,False,b'\x00'
,511,,,,,,0,,,,0.0,,,0,TurnRate.NO_TI_DEFAULT,,15.7,41.346118,224569880,False,,,49259,0,2.152643,,8,,,1,,False,b'\x00'
,511,,,,,,0,,,,0.0,,,0,TurnRate.NO_TI_DEFAULT,,299.5,41.375283,224022650,False,,,24064,0,2.17905,,9,,,1,,False,b'\x00'
,511,,,,,,0,,,,8.3,,,0,TurnRate.NO_TI_DEFAULT,,138.3,41.35386,224551570,True,,,24064,0,2.188055,,9,,,1,,True,b'\x00'
0,,,1,,,,,15,,,,2024,,0,,,,41.340803,2240002,False,,24,65921,,2.164615,,9,,,4,15,True,b'\x00\x00'
,281,,,,,,0,,,,0.0,,,0,0.0,,321.9,41.34629,224569790,True,,,33155,0,2.152553,,10,,,1,,False,b'\x00'
0,,,1,,,,,15,,,,2024,,0,,,,41.335082,2240991,False,,24,33163,,2.141278,,9,,,4,7,False,b'\x00\x00'
0,,,1,,,,,15,,,,2024,,0,,,,41.417408,2241128,False,,24,0,,2.114192,,9,,,4,15,True,b'\x80\x00'
,511,,,,,,0,,,,0.0,,,0,TurnRate.NO_TI_DEFAULT,,354.4,41.34633,225394000,True,,,65951,15,2.152163,,10,,,1,,False,b'\x00'
,511,,,,,,0,,,,0.8,,,0,TurnRate.NO_TI_DEFAULT,,358.9,41.243207,224097340,True,,,65956,7,2.21134,,10,,,1,,True,b'\x00'
,311,,,,,,0,,,,7.4,,,0,0.0,,313.9,41.35285,538070967,False,,,65957,0,2.188553,,9,,,1,,False,b'\x00'
,511,,,,,,0,,,,0.0,,,0,TurnRate.NO_TI_DEFAULT,,272.1,41.378713,224001990,False,,,33194,0,2.18259,,12,,,1,,True,b'\x00'
,511,,,,,,0,,,,0.0,,,0,TurnRate.NO_TI_DEFAULT,,360.0,41.37098,224008000,True,,,2264,0,2.185435,,11,,,1,,True,b'\x00'
,25,,,,,,0,,,,0.0,,,0,0.0,,232.3,41.335735,224115180,False,,,24064,0,2.144968,,9,,,1,,False,b'\x00'
,89,,,,,,0,,,,0.0,,,0,0.0,,360.0,41.336548,224101930,True,,,82047,0,2.148248,,11,,,1,,True,b'\x00'
,3,,,,,,0,,,,0.0,,,0,0.0,,330.7,41.368448,224839000,True,,,33222,9,2.186837,,9,,,1,,False,b'\x00'
,233,,,,,,0,,,,8.1,,,0,0.0,,234.8,41.334338,304010998,True,,,4385,0,2.644395,,11,,,3,,False,b'\x00'
,511,,,,,,0,,,,0.0,,,0,TurnRate.NO_TI_DEFAULT,,0.0,41.372957,224368920,True,,,49230,7,2.184885,,12,,,1,,True,b'\x00'
,209,,,,,,0,,,,0.0,,,0,0.0,,37.6,41.334227,224327160,False,,,82021,0,2.150518,,13,,,1,,False,b'\x00'
,216,,,,,,0,,,,5.2,,,0,0.0,,36.1,41.226467,224085930,True,,,49234,7,2.183253,,12,,,1,,False,b'\x00'
,511,,,,,,0,,,,18.5,,,0,TurnRate.NO_TI_DEFAULT,,197.7,41.343343,224304570,True,,,24064,0,2.167697,,13,,,1,,True,b'\x00'
,64,,,,,,0,,,,12.5,,,0,0.0,,63.4,41.069518,636021450,True,,,49362,0,2.163735,,14,,,1,,True,b'\x00'
,511,,,,,,0,,,,0.2,,,0,TurnRate.NO_TI_DEFAULT,,360.0,41.31273,225988173,True,,,82022,0,2.15446,,13,,,1,,True,b'\x00'
0,,2,10,POLAR STAR,6,45,,9,1008138,7,,,BARCELONA,0,,ZCOD4,,,319363000,,False,3,,,,37,,20,3.9,5,6,,b'\x00'
,511,,,,,,0,,,,0.0,,,0,TurnRate.NO_TI_DEFAULT,,360.0,41.412177,518998367,True,,,86410,5,2.228572,,14,,,3,,True,b'\x00'
,240,,,,,,0,,,,0.0,,,0,0.0,,357.3,41.345252,225989401,True,,,82015,15,2.158493,,13,,,1,,False,b'\x00'
,315,,,,,,0,,,,0.6,,,0,0.0,,21.7,41.116248,477642600,False,,,66089,0,2.318173,,13,,,1,,False,b'\x00'
,294,,,,,,0,,,,2.1,,,0,0.0,,112.3,41.218593,224220140,False,,,0,7,2.202837,,15,,,3,,False,b'\x00'
,17,,,,,,0,,,,12.1,,,0,0.0,,18.0,41.309205,224304660,False,,,33374,7,2.173525,,16,,,1,,False,b'\x00'
,511,,,,,,0,,,,11.8,,,0,TurnRate.NO_TI_DEFAULT,,39.2,41.293947,224137460,True,,,81998,7,2.16041,,15,,,1,,True,b'\x00'
,149,,,,,,0,,,,0.0,,,0,0.0,,301.5,41.412957,538071663,True,,,24064,8,2.229507,,15,,,1,,True,b'\x00'
,4,,,,,,0,,,,0.0,,,0,0.0,,213.5,41.339808,224220360,False,,,2245,0,2.150063,,15,,,1,,False,b'\x00'
,5,,,,,,0,,,,0.0,,,0,0.0,,60.9,41.345845,224026000,True,,,66176,15,2.151985,,14,,,1,,False,b'\x00'
,299,,,,,,0,,,,0.3,,,0,0.0,,29.0,41.081657,255805676,False,,,66185,0,2.07409,,16,,,1,,False,b'\x00'
,185,,,,,,0,,,,0.0,,,0,1.0,,125.7,41.331897,636020814,True,,,84826,1,2.188975,,16,,,3,,False,b'\x00'
,511,,,,,,0,,,,0.4,,,0,TurnRate.NO_TI_DEFAULT,,296.5,41.298298,225993124,True,,,98962,0,2.198763,,17,,,1,,True,b'\x00'
,511,,,,,,0,,,,11.2,,,0,TurnRate.NO_TI_DEFAULT,,353.4,41.24645,224014120,True,,,2255,7,2.196615,,17,,,1,,True,b'\x00'
,25,,,,,,0,,,,0.0,,,0,0.0,,249.0,41.337647,229878000,False,,,85098,5,2.153047,,16,,,3,,False,b'\x00'
,35,,,,,,0,,,,6.5,,,0,0.0,,36.5,41.311218,255805600,False,,,49286,0,2.15473,,17,,,1,,False,b'\x00'
,511,,,,,,0,,,,0.0,,,0,TurnRate.NO_TI_DEFAULT,,360.0,41.32768,225987163,True,,,33442,0,2.158472,,17,,,1,,True,b'\x00'
,511,,,,,,0,,,,10.7,,,0,TurnRate.NO_TI_DEFAULT,,346.6,41.195567,224235270,False,,,49221,15,2.2464,,17,,,1,,False,b'\x00'
,511,,,,,,0,,,,8.7,,,0,TurnRate.NO_TI_DEFAULT,,203.0,41.37019,224331860,True,,,2229,0,2.199962,,18,,,1,,True,b'\x00'
,294,,,,,,0,,,,2.1,,,0,0.0,,111.0,41.218583,224220140,False,,,2273,7,2.202872,,18,,,1,,False,b'\x00'
,511,,,,,,0,,,,0.0,,,0,TurnRate.NO_TI_DEFAULT,,17.4,41.346098,224569880,False,,,49258,0,2.152628,,18,,,1,,False,b'\x00'
,511,,,,,,0,,,,0.0,,,0,TurnRate.NO_TI_DEFAULT,,299.5,41.375283,224022650,False,,,66249,0,2.17905,,18,,,1,,False,b'\x00'
0,,1,9,ETOILE D'AZUR,4,15,,8,1010325,3,,,BARCELONA,0,,9HB4590,,,256946000,,False,2,,,,37,,15,2.2,5,15,,b'\x00'
,307,,,,,,0,,,,19.7,,,0,TurnRate.NO_TI_DEFAULT,,309.0,40.922368,209410000,True,,,99108,0,2.885353,,18,,,1,,False,b'\x00'
,511,,,,,,0,,,,4.1,,,0,TurnRate.NO_TI_DEFAULT,,144.9,41.353657,224551570,True,,,24064,0,2.188283,,19,,,1,,True,b'\x00'
,311,,,,,,0,,,,7.1,,,0,0.0,,313.6,41.353055,538070967,False,,,24064,0,2.188267,,18,,,1,,False,b'\x00'
0,,2,1,JUPITER STAR,22,35,,8,9919632,10,,,ES BCN,0,,D5ZM7,,,636020504,,False,20,,,,82,,148,10.5,5,1,,b'\x00'
,511,,,,,,0,,,,18.6,,,0,TurnRate.NO_TI_DEFAULT,,198.5,41.342857,224304570,True,,,2215,0,2.167487,,19,,,1,,True,b'\x00'
0,,,1,,,,,15,,,,2024,,0,,,,41.340803,2240002,False,,24,66296,,2.164615,,19,,,4,15,True,b'\x00\x00'
0,,,1,,,,,15,,,,2024,,0,,,,41.335082,2240991,False,,24,99074,,2.141278,,19,,,4,7,False,b'\x00\x00'
0,,,1,,,,,15,,,,2024,,0,,,,41.417405,2241128,False,,24,82093,,2.114192,,19,,,4,15,True,b'\x80\x00'
,511,,,,,,0,,,,0.0,,,0,TurnRate.NO_TI_DEFAULT,,360.0,41.37098,224008000,True,,,33562,0,2.185435,,20,,,1,,True,b'\x00'
,281,,,,,,0,,,,0.0,,,0,0.0,,321.9,41.346292,224569790,True,,,2199,0,2.152553,,21,,,1,,False,b'\x00'
,511,,,,,,0,,,,0.0,,,0,TurnRate.NO_TI_DEFAULT,,349.1,41.34632,225394000,True,,,24064,15,2.15216,,20,,,1,,False,b'\x00'
,511,,,,,,0,,,,0.3,,,0,TurnRate.NO_TI_DEFAULT,,346.5,41.24324,224097340,True,,,66349,7,2.211332,,21,,,1,,True,b'\x00'
,215,,,,,,0,,,,5.2,,,0,0.0,,34.7,41.226647,224085930,True,,,66353,7,2.183415,,21,,,1,,False,b'\x00'
,89,,,,,,0,,,,0.0,,,0,0.0,,360.0,41.336543,224101930,True,,,82046,0,2.148247,,22,,,1,,True,b'\x00'
,511,,,,,,0,,,,0.0,,,0,TurnRate.NO_TI_DEFAULT,,360.0,41.32771,225987164,True,,,33611,0,2.158143,,22,,,1,,True,b'\x00'
,511,,,,,,0,,,,0.0,,,0,TurnRate.NO_TI_DEFAULT,,270.7,41.37872,224001990,False,,,66382,0,2.182588,,23,,,1,,True,b'\x00'
,64,,,,,,0,,,,12.5,,,0,0.0,,63.2,41.069728,636021450,True,,,66388,0,2.164288,,23,,,1,,True,b'\x00'
,25,,,,,,0,,,,0.0,,,0,0.0,,232.3,41.335738,224115180,False,,,33621,0,2.144973,,20,,,1,,False,b'\x00'
,3,,,,,,0,,,,0.0,,,0,0.0,,330.7,41.36845,224839000,True,,,2218,9,2.186837,,20,,,1,,False,b'\x00'
,511,,,,,,0,,,,0.0,,,0,TurnRate.NO_TI_DEFAULT,,0.0,41.372963,224368920,True,,,66405,7,2.184882,,23,,,1,,True,b'\x00'
,209,,,,,,0,,,,0.0,,,0,0.0,,37.6,41.334228,224327160,False,,,99192,0,2.150513,,24,,,1,,False,b'\x00'
,148,,,,,,0,,,,0.2,,,0,0.0,,188.0,41.218477,357411000,False,,,66444,0,2.50798,,22,,,1,,False,b'\x00'
,188,,,,,,0,,,,0.0,,,0,0.0,,350.3,41.369855,249630000,False,,,0,5,2.186148,,25,,,1,,False,b'\x00'
,240,,,,,,0,,,,0.1,,,0,0.0,,357.3,41.345255,225989401,True,,,2267,15,2.15849,,24,,,1,,False,b'\x00'
,315,,,,,,0,,,,0.7,,,0,0.0,,19.4,41.11628,477642600,False,,,66474,0,2.31819,,24,,,1,,False,b'\x00'
,511,,,,,,0,,,,1.9,,,0,TurnRate.NO_TI_DEFAULT,,67.5,41.31273,225988173,True,,,66474,0,2.154513,,24,,,1,,True,b'\x00'
,511,,,,,,0,,,,11.9,,,0,TurnRate.NO_TI_DEFAULT,,37.6,41.294377,224137460,True,,,2265,7,2.160862,,25,,,1,,True,b'\x00'
,4,,,,,,0,,,,0.0,,,0,0.0,,213.5,41.339812,224220360,False,,,66492,0,2.150063,,24,,,1,,False,b'\x00'
,511,,,,,,0,,,,0.0,,,0,TurnRate.NO_TI_DEFAULT,,301.5,41.412963,538071663,True,,,49221,8,2.229508,,23,,,1,,True,b'\x00'
,511,,,,,,0,,,,15.3,,,0,TurnRate.NO_TI_DEFAULT,,197.6,41.3424,224304570,True,,,66503,0,2.167287,,25,,,1,,True,b'\x00'
,299,,,,,,0,,,,0.3,,,0,0.0,,29.0,41.081657,255805676,False,,,33739,0,2.07409,,25,,,1,,False,b'\x00'
,511,,,,,,0,,,,0.7,,,0,TurnRate.NO_TI_DEFAULT,,4.3,41.298298,225993124,True,,,81985,0,2.198763,,26,,,1,,True,b'\x00'
,511,,,,,,0,,,,0.0,,,0,TurnRate.NO_TI_DEFAULT,,360.0,41.32768,225987163,True,,,114780,0,2.158472,,25,,,1,,True,b'\x00'
,511,,,,,,0,,,,11.3,,,0,TurnRate.NO_TI_DEFAULT,,352.4,41.246915,224014120,True,,,2317,7,2.196537,,26,,,1,,True,b'\x00'
,5,,,,,,0,,,,0.0,,,0,0.0,,60.9,41.345843,224026000,True,,,2278,15,2.151982,,24,,,1,,False,b'\x00'
,17,,,,,,0,,,,12.1,,,0,0.0,,18.7,41.30979,224304660,False,,,33794,7,2.173787,,27,,,1,,False,b'\x00'
30,,1,1,NAIA,7,69,,17,9462782,6,,,BCN. ES - SEA TRAILS,0,,2GQV2,,,235099749,,False,16,,,,37,,5,4.5,5,1,,b'\x00'
,35,,,,,,0,,,,6.4,,,0,0.0,,36.7,41.311458,255805600,False,,,49264,0,2.154968,,27,,,1,,False,b'\x00'
,511,,,,,,0,,,,8.8,,,0,TurnRate.NO_TI_DEFAULT,,204.9,41.369832,224331860,True,,,49235,0,2.199742,,28,,,1,,True,b'\x00'
0,,1,3,GREENOIL,8,10,,19,9391177,10,,,ES BCN,0,,EBXL,,,224327160,,False,22,,,,80,,67,4.2,5,1,,b'\x00'
,294,,,,,,0,,,,1.9,,,0,0.0,,109.9,41.218552,224220140,False,,,2258,7,2.202977,,28,,,1,,False,b'\x00'
,511,,,,,,0,,,,0.0,,,0,TurnRate.NO_TI_DEFAULT,,299.5,41.375283,224022650,False,,,49261,0,2.179033,,29,,,1,,False,b'\x00'
,511,,,,,,0,,,,0.0,,,0,TurnRate.NO_TI_DEFAULT,,14.9,41.34605,224569880,False,,,99412,0,2.152605,,29,,,1,,False,b'\x00'
0,,,1,,,,,15,,,,2024,,0,,,,41.340803,2240002,False,,24,66671,,2.164615,,29,,,4,15,True,b'\x00\x00'
,511,,,,,,0,,,,0.0,,,0,TurnRate.NO_TI_DEFAULT,,360.0,41.37098,224008000,True,,,2247,0,2.185435,,30,,,1,,True,b'\x00'
0,,,1,,,,,15,,,,2024,,0,,,,41.335082,2240991,False,,24,24064,,2.141278,,29,,,4,7,False,b'\x00\x00'
,511,,,,,,0,,,,3.7,,,0,TurnRate.NO_TI_DEFAULT,,198.0,41.353493,224551570,True,,,33923,0,2.18832,,30,,,1,,True,b'\x00'
,281,,,,,,0,,,,0.0,,,0,0.0,,321.9,41.3463,224569790,True,,,33927,0,2.152555,,30,,,1,,False,b'\x00'
0,,,1,,,,,15,,,,2024,,0,,,,41.417403,2241128,False,,24,0,,2.114192,,29,,,4,15,True,b'\x80\x00'
,25,,,,,,0,,,,0.0,,,0,0.0,,232.3,41.335745,224115180,False,,,66698,0,2.14497,,29,,,1,,False,b'\x00'
,511,,,,,,0,,,,11.9,,,0,TurnRate.NO_TI_DEFAULT,,197.0,41.34205,224304570,True,,,24064,0,2.16714,,31,,,1,,True,b'\x00'
,311,,,,,,0,,,,6.9,,,0,0.0,,313.7,41.3533,538070967,False,,,24064,0,2.187928,,29,,,1,,False,b'\x00'
,3,,,,,,0,,,,0.0,,,0,0.0,,330.7,41.368455,224839000,True,,,82025,9,2.18684,,29,,,1,,False,b'\x00'
,511,,,,,,0,,,,0.0,,,0,TurnRate.NO_TI_DEFAULT,,209.8,41.346302,225394000,True,,,66717,15,2.152147,,30,,,1,,False,b'\x00'
,215,,,,,,0,,,,5.2,,,0,0.0,,34.0,41.226843,224085930,True,,,66734,7,2.183587,,31,,,1,,False,b'\x00'
,307,,,,,,0,,,,19.7,,,0,TurnRate.NO_TI_DEFAULT,,308.9,40.923113,209410000,True,,,49254,0,2.884132,,31,,,1,,False,b'\x00'
,89,,,,,,0,,,,0.0,,,0,0.0,,360.0,41.33654,224101930,True,,,82046,0,2.148247,,32,,,1,,True,b'\x00'
,511,,,,,,0,,,,0.0,,,0,TurnRate.NO_TI_DEFAULT,,353.0,41.372962,224368920,True,,,81998,7,2.184878,,32,,,1,,True,b'\x00'
,511,,,,,,0,,,,0.0,,,0,TurnRate.NO_TI_DEFAULT,,271.0,41.378725,224001990,False,,,82034,0,2.182585,,33,,,1,,True,b'\x00'
,209,,,,,,0,,,,0.0,,,0,0.0,,37.6,41.334227,224327160,False,,,24064,0,2.15051,,33,,,1,,False,b'\x00'
,281,,,,,,0,,,,0.0,,,0,0.0,,281.4,41.3757,319363000,False,,,0,5,2.186165,,32,,,3,,False,b'\x00'
,240,,,,,,0,,,,0.0,,,0,0.0,,357.3,41.345253,225989401,True,,,2300,15,2.15849,,33,,,1,,False,b'\x00'
,280,,,,,,0,,,,0.0,,,0,0.0,,179.9,41.376728,319134300,False,,,0,5,2.186712,,33,,,3,,False,b'\x00'
,511,,,,,,0,,,,2.4,,,0,TurnRate.NO_TI_DEFAULT,,62.4,41.312787,225988173,True,,,2267,0,2.154658,,34,,,1,,True,b'\x00'
,188,,,,,,0,,,,0.0,,,0,0.0,,350.3,41.369843,249630000,False,,,0,5,2.186143,,35,,,1,,False,b'\x00'
,511,,,,,,0,,,,11.8,,,0,TurnRate.NO_TI_DEFAULT,,38.5,41.294817,224137460,True,,,66884,7,2.161307,,35,,,1,,True,b'\x00'
,315,,,,,,0,,,,0.6,,,0,-1.0,,19.6,41.116315,477642600,False,,,49357,0,2.318207,,35,,,1,,False,b'\x00'
,511,,,,,,0,,,,0.1,,,0,TurnRate.NO_TI_DEFAULT,,341.4,41.298298,225993124,True,,,49217,0,2.198763,,36,,,1,,True,b'\x00'
,302,,,,,,0,,,,16.0,,,0,0.0,,297.7,41.045598,255806449,False,,,66905,0,2.68635,,37,,,1,,False,b'\x00'
,149,,,,,,0,,,,0.0,,,0,0.0,,301.5,41.412963,538071663,True,,,2266,8,2.229508,,35,,,1,,True,b'\x00'
,14,,,,,,0,,,,12.0,,,0,TurnRate.NO_TI_LEFT,,16.7,41.310323,224304660,False,,,24064,7,2.173998,,36,,,1,,False,b'\x00'
,299,,,,,,0,,,,0.3,,,0,0.0,,29.0,41.081657,255805676,False,,,13,0,2.07409,,36,,,1,,False,b'\x00'
,511,,,,,,0,,,,11.1,,,0,TurnRate.NO_TI_DEFAULT,,355.3,41.247432,224014120,True,,,24064,7,2.196465,,36,,,1,,True,b'\x00'
,4,,,,,,0,,,,0.0,,,0,0.0,,213.5,41.339813,224220360,False,,,34156,0,2.150063,,35,,,1,,False,b'\x00'
,5,,,,,,0,,,,0.0,,,0,0.0,,60.9,41.345842,224026000,True,,,49228,15,2.15198,,34,,,1,,False,b'\x00'
,511,,,,,,0,,,,11.6,,,0,TurnRate.NO_TI_DEFAULT,,200.4,41.34179,224304570,True,,,66931,0,2.16703,,36,,,1,,True,b'\x00'
,511,,,,,,0,,,,8.5,,,0,TurnRate.NO_TI_DEFAULT,,204.4,41.369498,224331860,True,,,49235,0,2.199543,,37,,,1,,True,b'\x00'
0,,2,1,SOMNIUM,3,32,,9,9904974,7,,,BARCELONA MB92,0,,9HA5385,,,215941000,,False,22,,,,37,,23,2.7,5,1,,b'\x00'
,35,,,,,,0,,,,6.4,,,0,0.0,,36.9,41.311697,255805600,False,,,49270,0,2.155205,,37,,,1,,False,b'\x00'
,511,,,,,,0,,,,0.0,,,0,TurnRate.NO_TI_DEFAULT,,360.0,41.32768,225987163,True,,,2213,0,2.158472,,37,,,1,,True,b'\x00'
,13,,,,,,0,,,,12.0,,,0,TurnRate.NO_TI_LEFT,,16.0,41.310377,224304660,False,,,0,7,2.174018,,38,,,3,,False,b'\x00'
,511,,,,,,0,,,,0.0,,,0,TurnRate.NO_TI_DEFAULT,,299.5,41.375283,224022650,False,,,67001,0,2.179033,,39,,,1,,False,b'\x00'
,511,,,,,,0,,,,0.0,,,0,TurnRate.NO_TI_DEFAULT,,8.7,41.346078,224569880,False,,,82024,0,2.152623,,39,,,1,,False,b'\x00'
,511,,,,,,0,,,,5.2,,,0,TurnRate.NO_TI_DEFAULT,,269.6,41.353427,224551570,True,,,2272,0,2.188118,,39,,,1,,True,b'\x00'
,292,,,,,,0,,,,1.7,,,0,0.0,,110.3,41.218523,224220140,False,,,67015,7,2.20308,,39,,,1,,False,b'\x00'
,233,,,,,,0,,,,0.0,,,0,0.0,,291.4,41.344612,356300000,False,,,86730,5,2.157048,,40,,,3,,False,b'\x00'
0,,,1,,,,,15,,,,2024,,0,,,,41.340803,2240002,False,,24,67046,,2.164617,,39,,,4,15,True,b'\x00\x00'
0,,,1,,,,,15,,,,2024,,0,,,,41.335082,2240991,False,,24,49318,,2.141278,,39,,,4,7,False,b'\x00\x00'
,281,,,,,,0,,,,0.0,,,0,0.0,,321.9,41.34631,224569790,True,,,49264,0,2.152558,,40,,,1,,False,b'\x00'
,511,,,,,,0,,,,0.0,,,0,TurnRate.NO_TI_DEFAULT,,218.6,41.346288,225394000,True,,,34302,15,2.15213,,39,,,1,,False,b'\x00'
0,,,1,,,,,15,,,,2024,,0,,,,41.417402,2241128,False,,24,82095,,2.114192,,39,,,4,15,True,b'\x80\x00'
,312,,,,,,0,,,,6.7,,,0,0.0,,314.1,41.353517,538070967,False,,,2194,0,2.187625,,39,,,1,,False,b'\x00'
,511,,,,,,0,,,,0.0,,,0,TurnRate.NO_TI_DEFAULT,,270.8,41.37873,224001990,False,,,99855,0,2.182585,,42,,,1,,True,b'\x00'
,511,,,,,,0,,,,0.0,,,0,TurnRate.NO_TI_DEFAULT,,360.0,41.32771,225987164,True,,,323,0,2.158143,,41,,,3,,True,b'\x00'
,13,,,,,,0,,,,12.1,,,0,TurnRate.NO_TI_LEFT,,15.1,41.310595,224304660,False,,,28016,7,2.17409,,41,,,3,,False,b'\x00'
,511,,,,,,0,,,,0.0,,,0,TurnRate.NO_TI_DEFAULT,,360.0,41.37098,224008000,True,,,49227,0,2.185433,,41,,,1,,True,b'\x00'
0,,2,4,JAK DOS,3,9,,18,0,3,,,BARCELONA,0,,EA5146,,,225987164,,False,4,,,,54,,9,0.0,5,15,,b'\x00'
,25,,,,,,0,,,,0.0,,,0,0.0,,232.3,41.33575,224115180,False,,,67115,0,2.144968,,39,,,1,,False,b'\x00'
,3,,,,,,0,,,,0.0,,,0,0.0,,330.7,41.36845,224839000,True,,,34348,9,2.186838,,39,,,1,,False,b'\x00'
,511,,,,,,0,,,,0.5,,,0,TurnRate.NO_TI_DEFAULT,,225.4,41.24324,224097340,True,,,81981,7,2.211307,,41,,,1,,True,b'\x00'
,220,,,,,,0,,,,4.9,,,0,TurnRate.NO_TI_RIGHT,,33.6,41.227027,224085930,True,,,49234,7,2.183762,,41,,,1,,False,b'\x00'
,89,,,,,,0,,,,0.0,,,0,0.0,,360.0,41.336537,224101930,True,,,24064,0,2.148243,,42,,,1,,True,b'\x00'
,64,,,,,,0,,,,12.5,,,0,0.0,,62.7,41.070257,636021450,True,,,34362,0,2.165655,,43,,,1,,True,b'\x00'
0,,2,1,BASARAN BAYRAK,10,22,,16,9932165,7,,,PTLIS>ESBCN,0,,9HA5623,,,229878000,,False,24,,,,85,,96,5.9,5,1,,b'\x00'
,7,,,,,,0,,,,0.0,,,0,0.0,,225.8,41.369933,319032800,False,,,215898,5,2.1848,,42,,,3,,False,b'\x00'
,233,,,,,,0,,,,8.1,,,0,0.0,,235.5,41.333665,304010998,True,,,67152,0,2.643113,,42,,,1,,False,b'\x00'
,511,,,,,,0,,,,0.0,,,0,TurnRate.NO_TI_DEFAULT,,351.1,41.372963,224368920,True,,,24064,7,2.184885,,43,,,1,,True,b'\x00'
,209,,,,,,0,,,,0.0,,,0,0.0,,37.6,41.334227,224327160,False,,,114790,0,2.150508,,44,,,1,,False,b'\x00'
,241,,,,,,0,,,,0.1,,,0,0.0,,357.3,41.345252,225989401,True,,,82015,15,2.1585,,42,,,1,,False,b'\x00'
,511,,,,,,0,,,,11.6,,,0,TurnRate.NO_TI_DEFAULT,,213.7,41.341457,224304570,True,,,114800,0,2.166805,,43,,,1,,True,b'\x00'
,307,,,,,,0,,,,19.7,,,0,TurnRate.NO_TI_DEFAULT,,308.9,40.923802,209410000,True,,,34498,0,2.883005,,43,,,1,,False,b'\x00'
0,,2,12,LION,5,20,,15,9873008,4,,,ESBCN,0,,ZJL2554,,,378113477,,False,17,,,,37,,28,2.6,5,3,,b'\x00'
,511,,,,,,0,,,,11.8,,,0,TurnRate.NO_TI_DEFAULT,,38.3,41.295207,224137460,True,,,24064,7,2.161712,,44,,,1,,True,b'\x00'
,511,,,,,,0,,,,2.6,,,0,TurnRate.NO_TI_DEFAULT,,60.7,41.312843,225988173,True,,,67229,0,2.15479,,44,,,1,,True,b'\x00'
,148,,,,,,0,,,,0.2,,,0,0.0,,187.8,41.21845,357411000,False,,,100000,0,2.508008,,43,,,1,,False,b'\x00'
,315,,,,,,0,,,,0.6,,,0,0.0,,20.2,41.11634,477642600,False,,,67252,0,2.31822,,44,,,1,,False,b'\x00'
,149,,,,,,0,,,,0.0,,,0,0.0,,301.5,41.412963,538071663,True,,,49221,8,2.229508,,44,,,1,,True,b'\x00'
,511,,,,,,0,,,,11.2,,,0,TurnRate.NO_TI_DEFAULT,,353.0,41.247947,224014120,True,,,67283,7,2.196388,,46,,,1,,True,b'\x00'
,4,,,,,,0,,,,0.0,,,0,0.0,,213.5,41.339815,224220360,False,,,82010,0,2.150063,,45,,,1,,False,b'\x00'
,35,,,,,,0,,,,6.4,,,0,0.0,,37.1,41.311913,255805600,False,,,49274,0,2.155422,,46,,,1,,False,b'\x00'
,299,,,,,,0,,,,0.3,,,0,0.0,,29.0,41.081657,255805676,False,,,49404,0,2.07409,,46,,,1,,False,b'\x00'
,511,,,,,,0,,,,0.0,,,0,TurnRate.NO_TI_DEFAULT,,360.0,41.32768,225987163,True,,,49244,0,2.158473,,47,,,1,,True,b'\x00'
,511,,,,,,0,,,,0.0,,,0,TurnRate.NO_TI_DEFAULT,,18.9,41.345897,224339000,True,,,84602,5,2.151702,,46,,,3,,False,b'\x00'
,13,,,,,,0,,,,12.0,,,0,0.0,,13.5,41.31092,224304660,False,,,3345,7,2.174187,,47,,,3,,False,b'\x00'
,13,,,,,,0,,,,12.0,,,0,0.0,,13.5,41.31092,224304660,False,,,3776,7,2.174187,,47,,,3,,False,b'\x00'
,5,,,,,,0,,,,0.0,,,0,0.0,,60.9,41.345843,224026000,True,,,34569,15,2.151982,,45,,,1,,False,b'\x00'
,291,,,,,,0,,,,1.5,,,0,0.0,,109.7,41.218507,224220140,False,,,2268,7,2.203147,,48,,,1,,False,b'\x00'
,511,,,,,,0,,,,9.0,,,0,TurnRate.NO_TI_DEFAULT,,205.5,41.369102,224331860,True,,,49235,0,2.199288,,49,,,1,,True,b'\x00'
,511,,,,,,0,,,,7.0,,,0,TurnRate.NO_TI_DEFAULT,,312.1,41.353597,224551570,True,,,227,0,2.187778,,49,,,3,,True,b'\x00'
,511,,,,,,0,,,,0.0,,,0,TurnRate.NO_TI_DEFAULT,,299.5,41.375283,224022650,False,,,67396,0,2.179033,,49,,,1,,False,b'\x00'
60,,2,0,ORION BCN PILOT,1,3,,24,0,2,,,BCN/ESP,0,,,,,224551570,,False,0,,,,50,,9,1.5,5,15,,b'\x00'
,511,,,,,,0,,,,10.2,,,0,TurnRate.NO_TI_DEFAULT,,221.7,41.341203,224304570,True,,,24064,0,2.166557,,49,,,1,,True,b'\x00'
,343,,,,,,0,,,,0.1,,,0,0.0,,121.0,41.37945,235099749,True,,,216298,5,2.184183,,0,,,3,,False,b'\x00'
0,,,1,,,,,15,,,,2024,,0,,,,41.340802,2240002,False,,24,67421,,2.164615,,49,,,4,15,True,b'\x00\x00'
,312,,,,,,0,,,,6.5,,,0,0.0,,314.2,41.353705,538070967,False,,,82024,0,2.18736,,48,,,1,,False,b'\x00'
0,,,1,,,,,15,,,,2024,,0,,,,41.335082,2240991,False,,24,49323,,2.141278,,49,,,4,7,False,b'\x00\x00'
,511,,,,,,0,,,,0.0,,,0,TurnRate.NO_TI_DEFAULT,,15.8,41.346073,224569880,False,,,49256,0,2.152603,,50,,,1,,False,b'\x00'
,511,,,,,,0,,,,0.0,,,0,TurnRate.NO_TI_DEFAULT,,271.4,41.378737,224001990,False,,,100209,0,2.182587,,51,,,1,,True,b'\x00'
0,,,1,,,,,15,,,,2024,,0,,,,41.4174,2241128,False,,24,0,,2.114192,,49,,,4,15,True,b'\x80\x00'
,281,,,,,,0,,,,0.0,,,0,0.0,,321.9,41.346327,224569790,True,,,82032,0,2.15256,,49,,,1,,False,b'\x00'
0,,1,1,EILEEN,5,20,,9,1007093,5,,,BARCELONA,0,,V7YM3,,,538070845,,False,14,,,,37,,30,3.2,5,1,,b'\x00'
,511,,,,,,0,,,,0.0,,,0,TurnRate.NO_TI_DEFAULT,,360.0,41.37098,224008000,True,,,34697,0,2.18543,,51,,,1,,True,b'\x00'
,511,,,,,,0,,,,0.0,,,0,TurnRate.NO_TI_DEFAULT,,348.0,41.372965,224368920,True,,,2315,7,2.184887,,51,,,1,,True,b'\x00'
,511,,,,,,0,,,,0.7,,,0,TurnRate.NO_TI_DEFAULT,,215.6,41.243213,224097340,True,,,2265,7,2.211282,,51,,,1,,True,b'\x00'
,224,,,,,,0,,,,4.7,,,0,TurnRate.NO_TI_RIGHT,,37.3,41.227197,224085930,True,,,4337,7,2.183933,,51,,,3,,False,b'\x00'
,209,,,,,,0,,,,0.0,,,0,0.0,,37.6,41.334225,224327160,False,,,24064,0,2.150508,,53,,,1,,False,b'\x00'
,25,,,,,,0,,,,0.0,,,0,0.0,,232.3,41.335753,224115180,False,,,2205,0,2.14498,,50,,,1,,False,b'\x00'
,89,,,,,,0,,,,0.0,,,0,0.0,,360.0,41.336535,224101930,True,,,34742,0,2.148243,,52,,,1,,True,b'\x00'
12,,2,11,VAVA II,9,56,,12,1010387,8,,,ES BCN,0,,ZGBG9,,,319808000,,False,7,,,,37,,40,5.0,5,3,,b'\x00'
,3,,,,,,0,,,,0.0,,,0,0.0,,330.7,41.36845,224839000,True,,,100285,9,2.18684,,49,,,1,,False,b'\x00'
,233,,,,,,0,,,,8.1,,,0,0.0,,234.5,41.333447,304010998,True,,,67530,0,2.6427,,52,,,1,,False,b'\x00'
,11,,,,,,0,,,,12.1,,,0,TurnRate.NO_TI_LEFT,,13.2,41.311192,224304660,False,,,4048,7,2.174273,,53,,,3,,False,b'\x00'
,64,,,,,,0,,,,12.5,,,0,0.0,,62.5,41.07056,636021450,True,,,49363,0,2.166397,,54,,,1,,True,b'\x00'
15,,2,1,MSC SAMAR,35,272,,4,9839442,27,,,ESBCN,0,,3FKE9,,,371047000,,False,22,,,,72,,128,14.8,5,1,,b'\x00'
,303,,,,,,0,,,,16.0,,,0,0.0,,298.8,41.046253,255806449,False,,,49326,0,2.684795,,55,,,1,,False,b'\x00'
,242,,,,,,0,,,,0.0,,,0,0.0,,357.3,41.345253,225989401,True,,,34836,15,2.158502,,54,,,1,,False,b'\x00'
,511,,,,,,0,,,,4.0,,,0,TurnRate.NO_TI_DEFAULT,,52.5,41.31294,225988173,True,,,34844,0,2.15499,,55,,,1,,True,b'\x00'
0,,2,9,STORMBORN,4,12,,9,1009572,4,,,ES BCN,0,,ZCT04,,,319065000,,False,28,,,,37,,35,3.0,5,1,,b'\x00'
,511,,,,,,0,,,,7.5,,,0,TurnRate.NO_TI_DEFAULT,,230.4,41.34104,224304570,True,,,2252,0,2.166332,,55,,,1,,True,b'\x00'
,511,,,,,,0,,,,12.0,,,0,TurnRate.NO_TI_DEFAULT,,39.1,41.29568,224137460,True,,,2215,7,2.16221,,55,,,1,,True,b'\x00'
,315,,,,,,0,,,,0.7,,,0,0.0,,21.2,41.116372,477642600,False,,,67641,0,2.318237,,55,,,1,,False,b'\x00'
,149,,,,,,0,,,,0.0,,,0,0.0,,301.5,41.412963,538071663,True,,,24064,8,2.229508,,54,,,1,,True,b'\x00'
,4,,,,,,0,,,,0.0,,,0,0.0,,213.5,41.339818,224220360,False,,,67650,0,2.150062,,54,,,1,,False,b'\x00'
,299,,,,,,0,,,,0.3,,,0,0.0,,29.0,41.081657,255805676,False,,,34886,0,2.07409,,55,,,1,,False,b'\x00'
,10,,,,,,0,,,,12.1,,,0,TurnRate.NO_TI_LEFT,,12.4,41.311412,224304660,False,,,4273,7,2.174333,,56,,,3,,False,b'\x00'
,5,,,,,,0,,,,0.0,,,0,0.0,,60.9,41.345843,224026000,True,,,24064,15,2.151982,,54,,,1,,False,b'\x00'
,35,,,,,,0,,,,6.4,,,0,0.0,,37.2,41.312153,255805600,False,,,49276,0,2.155657,,56,,,1,,False,b'\x00'
,511,,,,,,0,,,,0.0,,,0,TurnRate.NO_TI_DEFAULT,,360.0,41.32768,225987163,True,,,49244,0,2.158473,,57,,,1,,True,b'\x00'
,511,,,,,,0,,,,0.1,,,0,TurnRate.NO_TI_DEFAULT,,360.0,41.2983,225993124,True,,,49217,0,2.198762,,57,,,1,,True,b'\x00'
,26,,,,,,0,,,,0.0,,,0,0.0,,123.6,41.333507,636020504,False,,,84730,5,2.15031,,56,,,3,,False,b'\x00'
,511,,,,,,0,,,,10.2,,,0,TurnRate.NO_TI_DEFAULT,,346.4,41.197407,224235270,False,,,67719,15,2.245833,,56,,,1,,False,b'\x00'
,290,,,,,,0,,,,1.3,,,0,0.0,,107.7,41.218493,224220140,False,,,2279,7,2.20323,,58,,,1,,False,b'\x00'
,511,,,,,,0,,,,0.0,,,0,TurnRate.NO_TI_DEFAULT,,299.5,41.375283,224022650,False,,,24064,0,2.179033,,58,,,1,,False,b'\x00'
,276,,,,,,0,,,,0.0,,,0,0.0,,0.0,41.371538,319222800,True,,,84682,5,2.185335,,57,,,3,,False,b'\x00'
,225,,,,,,0,,,,4.6,,,0,0.0,,39.2,41.227308,224085930,True,,,3840,7,2.184062,,58,,,3,,False,b'\x00'
,511,,,,,,0,,,,8.8,,,0,TurnRate.NO_TI_DEFAULT,,205.3,41.368693,224331860,True,,,34996,0,2.199033,,59,,,1,,True,b'\x00'
,10,,,,,,0,,,,12.0,,,0,TurnRate.NO_TI_LEFT,,11.5,41.311575,224304660,False,,,7904,7,2.174373,,0,,,3,,False,b'\x00'
0,,,1,,,,,15,,,,2024,,0,,,,41.340802,2240002,False,,24,49260,,2.164615,,59,,,4,15,True,b'\x00\x00'
,511,,,,,,0,,,,6.7,,,0,TurnRate.NO_TI_DEFAULT,,310.1,41.3538,224551570,True,,,2267,0,2.18739,,0,,,1,,True,b'\x00'
,511,,,,,,0,,,,0.0,,,0,TurnRate.NO_TI_DEFAULT,,218.3,41.346283,225394000,True,,,114784,15,2.152127,,59,,,1,,False,b'\x00'
,511,,,,,,0,,,,0.0,,,0,TurnRate.NO_TI_DEFAULT,,246.5,41.36536,256946000,True,,,85546,5,2.187253,,1,,,3,,True,b'\x00'
0,,,1,,,,,15,,,,2024,,0,,,,41.335082,2240991,False,,24,65556,,2.141278,,59,,,4,7,False,b'\x00\x00'
,511,,,,,,0,,,,0.0,,,0,TurnRate.NO_TI_DEFAULT,,9.9,41.346075,224569880,False,,,2206,0,2.152662,,0,,,1,,False,b'\x00'
,313,,,,,,0,,,,6.4,,,0,0.0,,314.0,41.353912,538070967,False,,,24068,0,2.187073,,58,,,1,,False,b'\x00'
0,,,1,,,,,15,,,,2024,,0,,,,41.4174,2241128,False,,24,98339,,2.114192,,59,,,4,15,True,b'\x80\x00'
,281,,,,,,0,,,,0.0,,,0,0.0,,321.9,41.346333,224569790,True,,,49264,0,2.15257,,0,,,1,,False,b'\x00'
,284,,,,,,0,,,,0.0,,,0,0.0,,114.3,41.376327,229852000,True,,,93194,5,2.18654,,0,,,3,,False,b'\x00'
,511,,,,,,0,,,,0.0,,,0,TurnRate.NO_TI_DEFAULT,,360.0,41.37098,224008000,True,,,32809,0,2.18543,,0,,,1,,True,b'\x00'
,511,,,,,,0,,,,0.0,,,0,TurnRate.NO_TI_DEFAULT,,0.9,41.372965,224368920,True,,,114766,7,2.1849,,1,,,1,,True,b'\x00'
,225,,,,,,0,,,,4.6,,,0,0.0,,40.5,41.22735,224085930,True,,,4593,7,2.184117,,1,,,3,,False,b'\x00'
,511,,,,,,0,,,,7.9,,,0,TurnRate.NO_TI_DEFAULT,,242.3,41.34092,224304570,True,,,82032,0,2.166083,,1,,,1,,True,b'\x00'
,3,,,,,,0,,,,0.0,,,0,0.0,,330.7,41.368452,224839000,True,,,49257,9,2.18684,,58,,,1,,False,b'\x00'
,25,,,,,,0,,,,0.0,,,0,0.0,,232.3,41.335772,224115180,False,,,65614,0,2.144983,,0,,,1,,False,b'\x00'
,209,,,,,,0,,,,0.0,,,0,0.0,,37.6,41.334225,224327160,False,,,82022,0,2.150508,,3,,,1,,False,b'\x00'
0,,1,1,LODUR,12,22,,4,9219381,20,,,ESBCN > ESVLC,0,,V2CY,,,304504000,,False,25,,,,79,,199,8.6,5,1,,b'\x00'
,511,,,,,,0,,,,0.0,,,0,TurnRate.NO_TI_DEFAULT,,273.0,41.378737,224001990,False,,,98405,0,2.182583,,3,,,1,,True,b'\x00'
,511,,,,,,0,,,,0.9,,,0,TurnRate.NO_TI_DEFAULT,,226.7,41.24318,224097340,True,,,65639,7,2.211243,,2,,,1,,True,b'\x00'
0,,1,1,LODUR,12,22,,4,9219381,20,,,ESBCN > ESVLC,0,,V2CY,,,304504000,,False,25,,,,79,,199,8.6,5,1,,b'\x00'
,10,,,,,,0,,,,12.0,,,0,0.0,,11.2,41.311792,224304660,False,,,4048,7,2.174428,,3,,,3,,False,b'\x00'
,148,,,,,,0,,,,0.2,,,0,0.0,,189.0,41.218418,357411000,False,,,65676,0,2.508005,,2,,,1,,False,b'\x00'
,242,,,,,,0,,,,0.0,,,0,0.0,,357.3,41.345255,225989401,True,,,82015,15,2.158498,,3,,,1,,False,b'\x00'
,511,,,,,,0,,,,4.2,,,0,TurnRate.NO_TI_DEFAULT,,44.7,41.313063,225988173,True,,,49255,0,2.155162,,4,,,1,,True,b'\x00'
,511,,,,,,0,,,,0.0,,,0,TurnRate.NO_TI_DEFAULT,,301.5,41.412963,538071663,True,,,49221,8,2.229505,,3,,,1,,True,b'\x00'
,4,,,,,,0,,,,0.0,,,0,0.0,,213.5,41.33982,224220360,False,,,32977,0,2.150067,,5,,,1,,False,b'\x00'
,315,,,,,,0,,,,0.7,,,0,0.0,,25.4,41.116398,477642600,False,,,98514,0,2.318252,,4,,,1,,False,b'\x00'
,157,,,,,,0,,,,0.0,,,0,0.0,,179.6,41.380365,378113477,True,,,0,5,2.18421,,3,,,3,,False,b'\x00'
,299,,,,,,0,,,,0.2,,,0,0.0,,29.0,41.081827,255805676,False,,,82170,0,2.07409,,5,,,1,,False,b'\x00'
,224,,,,,,0,,,,4.5,,,0,0.0,,41.0,41.227412,224085930,True,,,8096,7,2.184192,,5,,,3,,False,b'\x00'
,511,,,,,,0,,,,11.9,,,0,TurnRate.NO_TI_DEFAULT,,39.1,41.296103,224137460,True,,,2190,7,2.162672,,5,,,1,,True,b'\x00'
,9,,,,,,0,,,,12.1,,,0,0.0,,10.9,41.311958,224304660,False,,,49226,7,2.174468,,6,,,1,,False,b'\x00'
,511,,,,,,0,,,,11.4,,,0,TurnRate.NO_TI_DEFAULT,,353.7,41.249028,224014120,True,,,98573,7,2.196237,,7,,,1,,True,b'\x00'
,511,,,,,,0,,,,7.5,,,0,TurnRate.NO_TI_DEFAULT,,245.5,41.34083,224304570,True,,,82032,0,2.16582,,7,,,1,,True,b'\x00'
,511,,,,,,0,,,,0.0,,,0,TurnRate.NO_TI_DEFAULT,,360.0,41.32768,225987163,True,,,49244,0,2.158473,,7,,,1,,True,b'\x00'
,35,,,,,,0,,,,6.3,,,0,0.0,,37.2,41.312418,255805600,False,,,33057,0,2.15592,,7,,,1,,False,b'\x00'
,307,,,,,,0,,,,19.7,,,0,TurnRate.NO_TI_DEFAULT,,308.9,40.925128,209410000,True,,,2259,0,2.880848,,6,,,1,,False,b'\x00'
,511,,,,,,0,,,,0.3,,,0,TurnRate.NO_TI_DEFAULT,,347.6,41.2983,225993124,True,,,24068,0,2.19876,,7,,,1,,True,b'\x00'
,5,,,,,,0,,,,0.0,,,0,0.0,,60.9,41.345843,224026000,True,,,49228,15,2.15198,,5,,,1,,False,b'\x00'
,511,,,,,,0,,,,8.6,,,0,TurnRate.NO_TI_DEFAULT,,205.6,41.368368,224331860,True,,,24068,0,2.198817,,8,,,1,,True,b'\x00'
,290,,,,,,0,,,,1.1,,,0,0.0,,106.4,41.21848,224220140,False,,,82005,7,2.203295,,8,,,1,,False,b'\x00'
,511,,,,,,0,,,,10.2,,,0,TurnRate.NO_TI_DEFAULT,,346.6,41.197917,224235270,False,,,24068,15,2.245683,,8,,,1,,False,b'\x00'
,511,,,,,,0,,,,0.0,,,0,TurnRate.NO_TI_DEFAULT,,13.2,41.346093,224569880,False,,,33103,0,2.152663,,8,,,1,,False,b'\x00'
,511,,,,,,0,,,,0.0,,,0,TurnRate.NO_TI_DEFAULT,,299.5,41.375283,224022650,False,,,2254,0,2.179033,,9,,,1,,False,b'\x00'
,511,,,,,,0,,,,6.3,,,0,TurnRate.NO_TI_DEFAULT,,313.6,41.35398,224551570,True,,,2264,0,2.187117,,9,,,1,,True,b'\x00'
,223,,,,,,0,,,,4.5,,,0,TurnRate.NO_TI_LEFT,,41.0,41.227457,224085930,True,,,3936,7,2.18424,,8,,,3,,False,b'\x00'
1,,,1,,,,,15,,,,2024,,0,,,,41.340802,2240002,False,,24,49260,,2.164613,,9,,,4,15,True,b'\x00\x00'
,280,,,,,,0,,,,0.0,,,0,0.0,,321.9,41.34633,224569790,True,,,24068,0,2.15257,,10,,,1,,False,b'\x00'
,283,,,,,,0,,,,0.0,,,0,0.0,,289.1,41.376845,319095500,True,,,85082,5,2.186637,,9,,,3,,True,b'\x00'
,9,,,,,,0,,,,12.1,,,0,TurnRate.NO_TI_LEFT,,10.3,41.312127,224304660,False,,,7888,7,2.174507,,10,,,3,,False,b'\x00'
1,,,1,,,,,15,,,,2024,,0,,,,41.335082,2240991,False,,24,24068,,2.141278,,9,,,4,7,False,b'\x00\x00'
0,,0,9,SPABUNKER CINCUENTA,12,8,,12,9398955,4,,,BARCELONA,0,,ECLF,,,224220360,,False,28,,,,82,,77,4.8,5,1,,b'\x00'
1,,,1,,,,,15,,,,2024,,0,,,,41.417402,2241128,False,,24,98714,,2.11419,,9,,,4,15,True,b'\x80\x00'
,511,,,,,,0,,,,0.0,,,0,TurnRate.NO_TI_DEFAULT,,217.9,41.346283,225394000,True,,,49248,15,2.152127,,9,,,1,,False,b'\x00'
,511,,,,,,0,,,,0.9,,,0,TurnRate.NO_TI_DEFAULT,,210.8,41.24315,224097340,True,,,49213,7,2.211213,,10,,,1,,True,b'\x00'
,314,,,,,,0,,,,6.4,,,0,0.0,,315.9,41.354118,538070967,False,,,49256,0,2.186797,,8,,,1,,False,b'\x00'
,511,,,,,,0,,,,0.0,,,0,TurnRate.NO_TI_DEFAULT,,273.3,41.37874,224001990,False,,,24068,0,2.182587,,12,,,1,,True,b'\x00'
,25,,,,,,0,,,,0.0,,,0,0.0,,232.3,41.335782,224115180,False,,,2264,0,2.144987,,9,,,1,,False,b'\x00'
,511,,,,,,0,,,,0.0,,,0,TurnRate.NO_TI_DEFAULT,,360.0,41.37098,224008000,True,,,81995,0,2.185428,,11,,,1,,True,b'\x00'
,89,,,,,,0,,,,0.0,,,0,0.0,,360.0,41.336537,224101930,True,,,65987,0,2.148247,,11,,,1,,True,b'\x00'
,3,,,,,,0,,,,0.0,,,0,0.0,,330.7,41.368455,224839000,True,,,24068,9,2.18684,,8,,,1,,False,b'\x00'
,164,,,,,,0,,,,0.0,,,0,0.0,,3.0,41.38047,319017100,False,,,84202,5,2.184533,,10,,,3,,False,b'\x00'
,511,,,,,,0,,,,0.0,,,0,TurnRate.NO_TI_DEFAULT,,3.7,41.372962,224368920,True,,,33228,7,2.184908,,12,,,1,,True,b'\x00'
,209,,,,,,0,,,,0.0,,,0,0.0,,37.6,41.334227,224327160,False,,,66000,0,2.150507,,13,,,1,,False,b'\x00'
0,,1,1,MSC BERN V,16,64,,23,9362449,16,,,ESBCN,0,,CQEP6,,,255806449,,False,24,,,,70,,197,9.0,5,1,,b'\x00'
,223,,,,,,0,,,,4.5,,,0,TurnRate.NO_TI_LEFT,,41.2,41.227522,224085930,True,,,33253,7,2.184317,,12,,,1,,False,b'\x00'
,8,,,,,,0,,,,12.1,,,0,TurnRate.NO_TI_LEFT,,9.7,41.312293,224304660,False,,,3904,7,2.174542,,13,,,3,,False,b'\x00'
,511,,,,,,0,,,,5.4,,,0,TurnRate.NO_TI_DEFAULT,,237.6,41.340747,224304570,True,,,2280,0,2.165608,,13,,,1,,True,b'\x00'
,303,,,,,,0,,,,16.0,,,0,0.0,,300.3,41.046923,255806449,False,,,114864,0,2.683265,,14,,,1,,False,b'\x00'
,63,,,,,,0,,,,12.4,,,0,0.0,,64.1,41.071097,636021450,True,,,30307,0,2.167835,,14,,,3,,True,b'\x00'
,511,,,,,,0,,,,4.9,,,0,TurnRate.NO_TI_DEFAULT,,48.8,41.313193,225988173,True,,,66070,0,2.155343,,13,,,1,,True,b'\x00'
,243,,,,,,0,,,,0.0,,,0,0.0,,357.3,41.345255,225989401,True,,,66084,15,2.158498,,13,,,1,,False,b'\x00'
,315,,,,,,0,,,,0.7,,,0,0.0,,22.8,41.116425,477642600,False,,,49360,0,2.318265,,13,,,1,,False,b'\x00'
,223,,,,,,0,,,,4.5,,,0,0.0,,41.6,41.227568,224085930,True,,,0,7,2.184373,,15,,,3,,False,b'\x00'
,284,,,,,,0,,,,0.0,,,0,0.0,,120.7,41.37632,229852000,True,,,87786,5,2.18654,,15,,,3,,False,b'\x00'
,10,,,,,,0,,,,12.0,,,0,TurnRate.NO_TI_RIGHT,,9.7,41.312457,224304660,False,,,24068,7,2.17458,,16,,,1,,False,b'\x00'
,511,,,,,,0,,,,11.9,,,0,TurnRate.NO_TI_DEFAULT,,40.1,41.296527,224137460,True,,,66143,7,2.163137,,15,,,1,,True,b'\x00'
0,,1,1,LADY HATICE,17,22,,4,9413078,8,,,ES BCN,0,,3FSO9,,,356300000,,False,23,,,,70,,118,5.7,5,1,,b'\x00'
,149,,,,,,0,,,,0.0,,,0,0.0,,301.5,41.412963,538071663,True,,,2271,8,2.229505,,15,,,1,,True,b'\x00'
,4,,,,,,0,,,,0.0,,,0,0.0,,213.5,41.33982,224220360,False,,,66163,0,2.150067,,16,,,1,,False,b'\x00'
,5,,,,,,0,,,,0.0,,,0,0.0,,60.9,41.345842,224026000,True,,,49229,15,2.151978,,14,,,1,,False,b'\x00'
,299,,,,,,0,,,,0.3,,,0,0.0,,29.0,41.081827,255805676,False,,,49403,0,2.07409,,16,,,1,,False,b'\x00'
,511,,,,,,0,,,,0.5,,,0,TurnRate.NO_TI_DEFAULT,,354.6,41.2983,225993124,True,,,81985,0,2.19876,,17,,,1,,True,b'\x00'
,511,,,,,,0,,,,11.1,,,0,TurnRate.NO_TI_DEFAULT,,353.9,41.249538,224014120,True,,,114760,7,2.196157,,17,,,1,,True,b'\x00'
,35,,,,,,0,,,,6.3,,,0,0.0,,37.2,41.312652,255805600,False,,,33435,0,2.15616,,17,,,1,,False,b'\x00'
,511,,,,,,0,,,,8.8,,,0,TurnRate.NO_TI_DEFAULT,,205.5,41.368042,224331860,True,,,66205,0,2.198592,,17,,,1,,True,b'\x00'
,511,,,,,,0,,,,0.0,,,0,TurnRate.NO_TI_DEFAULT,,360.0,41.32768,225987163,True,,,24068,0,2.158473,,17,,,1,,True,b'\x00'
,511,,,,,,0,,,,0.0,,,0,TurnRate.NO_TI_DEFAULT,,8.6,41.346092,224569880,False,,,33476,0,2.152652,,18,,,1,,False,b'\x00'
,511,,,,,,0,,,,0.0,,,0,TurnRate.NO_TI_DEFAULT,,299.5,41.375283,224022650,False,,,49261,0,2.179033,,18,,,1,,False,b'\x00'
,511,,,,,,0,,,,0.0,,,0,TurnRate.NO_TI_DEFAULT,,360.0,41.412367,248336000,False,,,2218,0,2.22835,,19,,,1,,False,b'\x00'
,511,,,,,,0,,,,4.6,,,0,TurnRate.NO_TI_DEFAULT,,234.5,41.340667,224304570,True,,,49264,0,2.165457,,19,,,1,,True,b'\x00'
,511,,,,,,0,,,,8.0,,,0,TurnRate.NO_TI_DEFAULT,,316.5,41.3542,224551570,True,,,2274,0,2.186823,,19,,,1,,True,b'\x00'
,11,,,,,,0,,,,12.0,,,0,TurnRate.NO_TI_RIGHT,,10.2,41.312673,224304660,False,,,8368,7,2.174633,,19,,,3,,False,b'\x00'
,315,,,,,,0,,,,6.2,,,0,0.0,,316.7,41.354303,538070967,False,,,2292,0,2.186557,,18,,,1,,False,b'\x00'
1,,,1,,,,,15,,,,2024,,0,,,,41.340802,2240002,False,,24,49260,,2.164613,,19,,,4,15,True,b'\x00\x00'
1,,,1,,,,,15,,,,2024,,0,,,,41.335082,2240991,False,,24,82116,,2.141278,,19,,,4,7,False,b'\x00\x00'
1,,,1,,,,,15,,,,2024,,0,,,,41.417402,2241128,False,,24,99089,,2.11419,,19,,,4,15,True,b'\x80\x00'
,511,,,,,,0,,,,0.0,,,0,TurnRate.NO_TI_DEFAULT,,360.0,41.37098,224008000,True,,,24068,0,2.185428,,20,,,1,,True,b'\x00'
,511,,,,,,0,,,,0.0,,,0,TurnRate.NO_TI_DEFAULT,,231.3,41.346288,225394000,True,,,2248,15,2.15212,,20,,,1,,False,b'\x00'
,233,,,,,,0,,,,8.1,,,0,0.0,,234.9,41.332818,304010998,True,,,49195,0,2.641522,,21,,,1,,False,b'\x00'
,511,,,,,,0,,,,0.9,,,0,TurnRate.NO_TI_DEFAULT,,213.7,41.243107,224097340,True,,,49213,7,2.211168,,21,,,1,,True,b'\x00'
,223,,,,,,0,,,,4.5,,,0,0.0,,41.2,41.227658,224085930,True,,,49236,7,2.184485,,21,,,1,,False,b'\x00'
,3,,,,,,0,,,,0.0,,,0,0.0,,330.7,41.36846,224839000,True,,,66363,9,2.186838,,19,,,1,,False,b'\x00'
,511,,,,,,0,,,,0.0,,,0,TurnRate.NO_TI_DEFAULT,,360.0,41.32771,225987164,True,,,24068,0,2.158143,,22,,,1,,True,b'\x00'
,511,,,,,,0,,,,0.0,,,0,TurnRate.NO_TI_DEFAULT,,272.9,41.378742,224001990,False,,,49265,0,2.182593,,23,,,1,,True,b'\x00'
,63,,,,,,0,,,,12.4,,,0,0.0,,63.2,41.071303,636021450,True,,,49363,0,2.168377,,23,,,1,,True,b'\x00'
,25,,,,,,0,,,,0.0,,,0,0.0,,232.3,41.335775,224115180,False,,,24068,0,2.144997,,21,,,1,,False,b'\x00'
,511,,,,,,0,,,,0.0,,,0,TurnRate.NO_TI_DEFAULT,,357.5,41.37296,224368920,True,,,49230,7,2.184903,,23,,,1,,True,b'\x00'
,11,,,,,,0,,,,12.0,,,0,TurnRate.NO_TI_RIGHT,,10.7,41.312893,224304660,False,,,0,7,2.17469,,23,,,3,,False,b'\x00'
,209,,,,,,0,,,,0.0,,,0,0.0,,37.6,41.334223,224327160,False,,,82022,0,2.150507,,24,,,1,,False,b'\x00'
,149,,,,,,0,,,,0.2,,,0,0.0,,190.6,41.2184,357411000,False,,,49385,0,2.507958,,22,,,1,,False,b'\x00'
,304,,,,,,0,,,,16.0,,,0,0.0,,300.7,41.047387,255806449,False,,,49328,0,2.682248,,25,,,1,,False,b'\x00'
,315,,,,,,0,,,,0.6,,,0,0.0,,19.6,41.116458,477642600,False,,,49360,0,2.318282,,24,,,1,,False,b'\x00'
,511,,,,,,0,,,,6.1,,,0,TurnRate.NO_TI_DEFAULT,,55.7,41.313357,225988173,True,,,49255,0,2.15565,,24,,,1,,True,b'\x00'
,244,,,,,,0,,,,0.0,,,0,0.0,,357.3,41.34526,225989401,True,,,99252,15,2.158493,,24,,,1,,False,b'\x00'
,4,,,,,,0,,,,0.0,,,0,0.0,,213.5,41.339822,224220360,False,,,49242,0,2.150067,,24,,,1,,False,b'\x00'
,511,,,,,,0,,,,0.0,,,0,TurnRate.NO_TI_DEFAULT,,301.5,41.412963,538071663,True,,,33724,8,2.229505,,23,,,1,,True,b'\x00'
,511,,,,,,0,,,,3.3,,,0,TurnRate.NO_TI_DEFAULT,,229.1,41.340593,224304570,True,,,49264,0,2.165337,,25,,,1,,True,b'\x00'
,511,,,,,,0,,,,11.8,,,0,TurnRate.NO_TI_DEFAULT,,37.5,41.29695,224137460,True,,,66504,7,2.163587,,25,,,1,,True,b'\x00'
,299,,,,,,0,,,,0.3,,,0,0.0,,29.0,41.081827,255805676,False,,,24068,0,2.07409,,25,,,1,,False,b'\x00'
,511,,,,,,0,,,,0.2,,,0,TurnRate.NO_TI_DEFAULT,,8.3,41.2983,225993124,True,,,66517,0,2.19876,,26,,,1,,True,b'\x00'
,511,,,,,,0,,,,0.0,,,0,TurnRate.NO_TI_DEFAULT,,360.0,41.32768,225987163,True,,,99286,0,2.158473,,25,,,1,,True,b'\x00'
,46,,,,,,0,,,,0.0,,,0,0.0,,297.0,41.52863,248059000,False,,,75770,5,2.44453,,26,,,3,,False,b'\x00'
,148,,,,,,0,,,,0.0,,,0,-2.0,,3.5,41.413405,538070845,False,,,86170,5,2.230485,,27,,,3,,False,b'\x00'
